Brand,Followers,Following,Posts,Website,IDK,Category,Username,Followers 1,Followers 2,Followers 3,Followers 4,Followers 5,Subcategoty,Comments,Location,New username
Dormez-vous,230,15,35,https://www.dormezvous.com/,TRUE,Personal Goods & General Merchandise Stores,dormezvousqc,andreortvcu,emiedagenais302,joseedaigneault1979,raphaelle_lajoie,neron_133,Home Product,,,
DIGEL the menswear concept,387,16,41,http://www.digel.de/,TRUE,Personal Goods & General Merchandise Stores,digelofficial,tamanteterzo,bradly_muller,cerva.ntes2,joelvlummel,lorenzopariorappresentanze,Clothing,Men,,digel.official
Arsante of Sweden | Bags,734,695,250,http://www.arsante.com/,TRUE,Personal Goods & General Merchandise Stores,arsantesweden,mycozysweden,thechicadvocate,annamariabery,eleftheria_michalianou,nilsgrubba,Bags/Luggage,,,
BORGHESE Hong Kong,925,1,192,http://www.borghese.com.hk/,TRUE,Personal Goods & General Merchandise Stores,borghesehongkong,as_mandyy,twiggyli12,hilla.ip,abbyanna0127,lesleychianglove,eva_b,,,
alpenclassics,1094,123,166,https://www.alpenclassics.de/,TRUE,Personal Goods & General Merchandise Stores,alpenclassics,bergmadl_sandra,edelweiss.trieste,carina_318_,wolf_widestar,ute.klein1963,Clothing,,,
Alessandro Gilles,1156,3424,156,https://www.alessandrogilles.it/,TRUE,Personal Goods & General Merchandise Stores,alessandrogillesofficial,rikkardo_fb,alb.e.r.t.o,paolopapamendelssohn,cinieri.antonio,gabrielepecin,Clothing,Men,,alessandrogilles_official
A Bicyclette,1167,40,80,http://www.a-bicyclette-vegetal.fr/recettes/,TRUE,Personal Goods & General Merchandise Stores,abicyclettefr,bergmadl_sandra,bianca_maier08,wolf_widestar,jasminwinhart,kati_lx,Clothing,,,
BeCause Cosmetics,1477,157,373,https://linkin.bio/becausecosmetics,TRUE,Personal Goods & General Merchandise Stores,becausecosmetics,amyperrin_bosslady,_smariee3,luciadaweperfect_finish_makeup,sassystyleover40,anareczynski,Beauty,,,
Accurist,2069,758,303,http://www.accurist.co.uk/,TRUE,Personal Goods & General Merchandise Stores,accuristwatches,ken.drake.14,_millyhughes,alisherusmonov97,nathaphat289,,Clothing,Watch,,
Active Edge,2199,2070,839,http://ow.ly/FEEH30lHX2q,TRUE,Personal Goods & General Merchandise Stores,activeedgeofficial,rosy.runs,happy_bionicrunner,seaside_runner,mallorcacyclingtours,fahey_niamh,Supplements,,,
4F official account,2437,36,132,http://www.4f.com.pl/,TRUE,Personal Goods & General Merchandise Stores,4f_official,karl_m90,michaelchavarriaflores,khaled_naga7,leticia_andaluz,anastazja_burzynska_ellis,Clothing,Athletic,,
Edy's Ice Cream,2626,27,115,https://www.edys.com/,TRUE,Personal Goods & General Merchandise Stores,edys,ashleynicolearvie,ityogurljayy,kaitlynmbrennan,captainraehawke,tabby.lynn.britt,Food,Icecream,,
devotelondon,3021,258,322,http://www.devotelondon.com/,TRUE,Personal Goods & General Merchandise Stores,devotelondon,adambray89,thisisabdmalik,iamthomaspowell,johnnyoutlawfitness,shreddy_fit,Clothing,Fitness,,
Antoine et Lili,3074,203,1084,http://www.antoineetlili.com/,TRUE,Personal Goods & General Merchandise Stores,antoineetlili,nadine_bovary,alimillerstudios,jenwrennywi,latouchturkoiz,emmaalves99,Clothing,Women,,
bruno banani Official,3135,12,386,http://www.brunobanani.com/,TRUE,Personal Goods & General Merchandise Stores,brunobananiofficial,the_timooo,zigosi,missgermany__,ren_schade,random,Clothing,Underwear,,
Aventura Clothing,3301,1288,1330,http://bit.ly/shopaventura,TRUE,Personal Goods & General Merchandise Stores,aventuraclothing,ifnotforamoment,cmay1919,ashlanamelia,anneveliss,gratefuljenn_74,Clothing,Ecofriendly,,
ara Shoes,3369,351,135,http://www.ara-shoes.de/,TRUE,Personal Goods & General Merchandise Stores,arashoes,leonieloh_,jakobnawka,dominitad,verena_schneider_official,monilorbi,Clothing,Shoes,,
900 North Michigan Shops,3416,1995,1156,http://www.shop900.com/,TRUE,Personal Goods & General Merchandise Stores,900shops,theonlyinfini34,tylerjohnmumm,nataliedpacini,cjvosters,aefitzsimons,Clothing,Retail,"Chicago, IL",
B.Tempt'd,3558,739,930,http://bit.ly/btemptd-FeelYourBestAW18-IG-Win,TRUE,Personal Goods & General Merchandise Stores,btemptduk,precipessa_idhar,alice_inthe_looking_glass,girltalkwithlaura,baldbooblessandbeautiful,ysabelerivard,Clothing,Underwear,,
AcneFree®,3562,532,141,http://acnefree.com/,TRUE,Personal Goods & General Merchandise Stores,acnefree,amplebeauty.ng,dr_hurain_ali,flawlessfacesbylydia,luis_simo_1,megankristinebeauty,Beauty,Skincare,,
Abt Electronics,3679,305,543,http://blog.abt.com/,TRUE,Personal Goods & General Merchandise Stores,abtelectronics,cy871256,carol_peters_homes,codycarson_,danny_rigoni,jt.pozzie_,Auto,repair,,
Antler UK,3750,1219,1002,http://www.antler.co.uk/grablife,TRUE,Personal Goods & General Merchandise Stores,antlerofficial,bree_eichorn,girlandtwodogs,nocruisecontrol85,thread_combos,hollieanneallen,Bags/Luggage,,,
Anything Bling Boutique,3939,560,2614,http://www.anything-bling.com/,TRUE,Personal Goods & General Merchandise Stores,anythingbling,boardwalktl,nikisa14,clauli_,strongpetal4u,gracelyn.wright,Clothing,Retail,"Houston, TX",
Acme Markets,3992,299,784,http://www.acmemarkets.com/,TRUE,Personal Goods & General Merchandise Stores,acmemarkets,knowyourproduce,joanner492,lil.0415,pufafreeliving,thephillyfoodfanatic,Food,Retail,"PA, DE, NJ, NY, CT & MD",
b.tempt'd,4025,176,460,https://btemptd.wacoal-america.com/future-foundation-wire-free-balconette-btemptd-952250-p.html,TRUE,Personal Goods & General Merchandise Stores,btemptdbras,drycleanonlynyc,amanda.carducci,minutritionist,amparomodels,ay_me_bel4,Clothing,Underwear,,
Ellie Mae Studios,4055,650,1092,https://youtu.be/zF5zPy6dRNk,TRUE,Personal Goods & General Merchandise Stores,elliemaestudios,manjit.minhas,shopthecompany,tanytchristabel,andraelenadiaconu,nataliesorichettiphoto,Clothing,Women,,
BECYCLE,4090,3431,456,https://beintheknow.becycle.de/blog/how-to-stick-to-your-new-workout-plan?mc_cid=8ad9e5d123&mc_eid=5acdc62cfa,TRUE,Personal Goods & General Merchandise Stores,becycleberlin,mariya_volchok,chelseabayer,becccc__,studiolaragrand,elise_machin,Clothing,Fitness,,
24iceland,4228,2290,710,http://www.24iceland.is/,TRUE,Personal Goods & General Merchandise Stores,24iceland,_inspired.by.photography_,hina_baniya,nietuszka,tatyanagud97,kyanasue,Clothing,Watch,Iceland,
Centre Rockland,4347,1243,1266,http://www.centrerockland.com/,TRUE,Personal Goods & General Merchandise Stores,centrerockland,bienvenue_chez_angie,davidfto25,jkakoske,oxana_s,noricarrasquel,Clothing,Retail,Montréal,
The Chesterfield Brand,4417,1376,133,http://www.chesterfieldbags.com/,TRUE,Personal Goods & General Merchandise Stores,chesterfieldbags,isa_vh__,franky.dewaele,emiliaseyen,ande_w,kiara_ars,Bags/Luggage,,Netherland,
ALIAS MAE,4525,657,704,http://www.aliasmae.com/,TRUE,Personal Goods & General Merchandise Stores,aliasmaeusa,jen_mckenzie6,heidi_streeter_,ejwarfel79,sophiaigianni,celiafarissier,Clothing,Shoes,Australia,
After Eden Lingerie,4639,613,602,http://www.aftereden.nl/,TRUE,Personal Goods & General Merchandise Stores,afteredenlingerie,xe.smeee,jenniferpeterrs,valerija_samoylenko,piekfeinkim,anatsayaa,Clothing,Underwear,,
ApotheCARE Essentials,4657,192,94,https://www.apothecareessentials.com/,TRUE,Personal Goods & General Merchandise Stores,apothecareessentials,cammiescott,may_arabel,mamii_cai,bysssarah,masha_terra,Beauty,Skincare,,
T W E N T Y F I V E ™,4662,15,950,https://www.twentyfiveapparel.com/,TRUE,Personal Goods & General Merchandise Stores,25apparel,krystalstawarz,guyala_lala,jacmat70,temmii_jaydee8,gals7921,Clothing,Fitness,,
Beehive Cheese Co.,4673,1382,394,http://www.beehivecheese.com/,TRUE,Personal Goods & General Merchandise Stores,beehivecheese,shelbeemulder,grazingtheory,stlawrencefood,virginiakatherine81,chefdanshearman,Food,Cheese,UT,bitchnbrowsnorge
Bitchn' Brows,4859,195,791,https://bitchnbrows.no/,TRUE,Personal Goods & General Merchandise Stores,bitchnbrows,touchfredrikstad,im_aanastasia_,aks_saks_heidi,siljesarah_hud,astridoll_,Beauty,Retail,Norway,
3WISHES.COM,5200,1018,920,https://www.3wishes.com/,TRUE,Personal Goods & General Merchandise Stores,3wisheslingerie,emeii_insta,mcb_movement,vialoraine,marcialeonc_,ruticat86400,Clothing,Underwear,,
British Knights,5270,714,774,http://bit.ly/win-money-back,TRUE,Personal Goods & General Merchandise Stores,bkfootwear_official,roger_anglada,miriam.perezgonzalez.522,anusketta,diane_vilarem,lorena.lydiaa,Clothing,Shoes,,
Eternal Fleur®,5308,263,412,https://EternalFleur.com/,TRUE,Personal Goods & General Merchandise Stores,eternalfleur,inne_widzenie_swiata,samuelr_95,canerkarabag2020,katielynnwalsh,rone_silva_usa,Flower,,,
Alterre Shoes,5429,780,706,https://www.alterreny.com/,TRUE,Personal Goods & General Merchandise Stores,alterreny,nickylee6,misskitten_d.amore,maria.gelk,rubyroxxmodelofficial,brenda.d.holder,Clothing,Shoes,NY,
Anthony Brands,5468,1072,755,http://bit.ly/2Rj2ycx,TRUE,Personal Goods & General Merchandise Stores,anthonyskincare,frankygarcia048,danny_paid001,_luissimo1__,_omaredaoudi_,hunternance_,Beauty,Skincare,,
Dante,5599,381,1446,https://youtu.be/uPfQGAAkUJA,TRUE,Personal Goods & General Merchandise Stores,dante_men,rahul_explores,liaosauce,chrissie_v92,lucianoartecr,fockenberg,Clothing,Men,Greece,
Aarni Wooden Watches & Eyewear,5625,1788,327,https://aarniwood.com/,TRUE,Personal Goods & General Merchandise Stores,aarniwood,ahmedsafaasami,s_u_v_i_k,the_word_of_revival_john3.16,kretzuuuu,m.takanen,Clothing,Watch,,
Create your own watch,6022,116,977,http://www.boomwatches.com/,TRUE,Personal Goods & General Merchandise Stores,boomwatches,yuehanhuang252,ghechiroussama,to__eki,mamorupip,emeliebellring94,Clothing,Watch,,
Angelcare,6325,440,658,http://www.angelcarebaby.com/,TRUE,Personal Goods & General Merchandise Stores,angelcare,ida.einfach,u.naiavko,mumandme_app,caligirl1789,bebe1.ambre,Baby goods,,,
Dare 2b,6548,4812,1149,https://bit.ly/2wtwCcE,TRUE,Personal Goods & General Merchandise Stores,dare2b_sports,bradlawrencee,kernowjogger89,louise.perfect,sloobieskiwear,my_microadventures,Clothing,Athletic,,
Delphine the Label,6661,475,475,https://store.delphinethelabel.com/collections/pre-order,TRUE,Personal Goods & General Merchandise Stores,delphinethelabel,drminyeo,jeime_bjordal,thegeminiallure,juliezorrilla,paradisefound,Clothing,Women,Australia,
BOLD TUESDAY TRAVEL MAPS,6667,211,466,http://www.boldtuesday.com/,TRUE,Personal Goods & General Merchandise Stores,boldtuesday,jennoschiller,razlevtov,yourdayjuststarted,angeli_michel,lottie1206,Vision Board,,,
Baby Delight • Infant Gear,6752,727,506,http://www.babydelight.com/,TRUE,Personal Goods & General Merchandise Stores,babydelightinc,beandipdip,tiffany_fjacobs,firsttimemumsuk,julesandcompany,samanthashewan,Baby goods,,,
Brace Swimwear,6933,38,130,http://www.braceswimwear.com/,TRUE,Personal Goods & General Merchandise Stores,braceswimwear,anavictoriaperez_,ladygoule,constanzart,lashbeauty_care,realbeautypr,Clothing,Swimming,Miami,
Cliphair Extensions,6946,180,1846,https://www.cliphair.co.uk/,TRUE,Personal Goods & General Merchandise Stores,cliphairlimited,em11288,chlocoombsx,beckielouise08,hairbykitrell,hairartlondon,Beauty,Hair product,,
FrontRow,6987,196,176,http://www.frontrow.com/,TRUE,Personal Goods & General Merchandise Stores,frontrow,bedfordjoe,monroegrow,mattiamodel_official,edwardkleeberg,vijaywadhwa67,Tech,,,
Abhati Suisse Skincare,7035,941,608,http://www.abhatisuisse.com/,TRUE,Personal Goods & General Merchandise Stores,abhatisuisse,esharainabanerjee,ladiesdrive,ingaalessandra,vanessa.mauron,gaiamendola,Beauty,Skincare,Switzerland,
BALNEA rÃ©serve thermale,7075,1428,680,http://boutique.balnea.ca/boutique/,TRUE,Personal Goods & General Merchandise Stores,balneaspa,auceanne_roy,_minick_,adamdbolton,hicham_mafo,hmfraser,Beauty,Retail,Québec,
Buki,7152,1570,622,http://www.bukibrand.com/,TRUE,Personal Goods & General Merchandise Stores,bukibrand,spapczun,__isabelseol__,chrisconnellyrealestate,suz.leigh,kerwin_.05,Clothing,,,
BoironUSA,7660,287,928,http://www.boironusa.com/,TRUE,Personal Goods & General Merchandise Stores,boironusa,smashleyashley4,christinancampbell,binho.ny,mo.poole,_toby_locke_,Supplements,,,
Arlo Wolf Eyewear,7707,642,236,https://www.arlowolf.com/how-it-works/,TRUE,Personal Goods & General Merchandise Stores,arlowolfeyewear,jasxpaige,lauren_swansbury,robynpoppy,laurs_mc,b1ully1,Clothing,Glasses,,
Botanics UK 🌱,7737,215,213,http://www.botanics.co.uk/,TRUE,Personal Goods & General Merchandise Stores,botanicsuk,hollyc2088,ailsa.mai,alsplantmeals,teddymum72,coco_clarebear,Beauty,Skincare,UK,
Anna Lou of London,7945,1063,778,https://www.annalouoflondon.com/pages/newsletter,TRUE,Personal Goods & General Merchandise Stores,annalouoflondon,dark_sara,kemalkarabayyy,daria_nmv,yasminrjh,othonmusic,Clothing,Jewelry,"London, UK",
Amazfit,8271,948,310,https://us.amazfit.com/shop,TRUE,Personal Goods & General Merchandise Stores,amazfit,mohanadabel,smart_younus,smart_younus,sameh_abdallah_,lashkaramin,Tech,Fitness,,amazfit.global
Boardies®🌴,8641,2756,966,http://www.boardiesapparel.com/,TRUE,Personal Goods & General Merchandise Stores,boardiesapparel,scaybay39,alexd_at_peace,jaydenblue.fr,eddiesolomon662,leo.dkm,Clothing,Swimming,,
Aloette Cosmetics,8656,193,1395,https://www.aloette.com/a-list.asp,TRUE,Personal Goods & General Merchandise Stores,aloette,natures_magic_wairua,_kaylee_otto,femade2022,jeanie_morreale_sangiorgi,stephanie__labonte,Beauty,Skincare,,
AIRFIELD,8821,611,1373,http://www.airfield.at/,TRUE,Personal Goods & General Merchandise Stores,airfield_fashion,annalisa.meola,b.evolved777,hareandhome,elena_guide_riga,dresscodegutaussehend_,Clothing,,,
Anerkjendt,9003,301,284,https://m.anerkjendt.com/,TRUE,Personal Goods & General Merchandise Stores,anerkjendt_dk,jgyp1991,zzziying17,saraguazziii,ikergutierrez,gilian_doornekamp,Clothing,,Denmark,anerkjendt_official
Best Choice Products,9235,826,280,https://linktr.ee/bcproducts,TRUE,Personal Goods & General Merchandise Stores,bcproducts,jenniferdorie_ifbbpro,tryphosa1,mrstkachukteaches,casfurniture,evanlbrooks,Home Product,,,
CDLP,9579,804,576,http://CDLP.com/,TRUE,Personal Goods & General Merchandise Stores,cdlp,davidwaslin,ericbalfour,maestro.cycle.service,jaydinlukecole,moh.mashaan,Clothing,,,
alessandro International,9755,816,718,https://www.alessandro-international.com/b2b_de_de/impressum/,TRUE,Personal Goods & General Merchandise Stores,alessandrointernational,haddagudfinns,agustasa,zum_alten_pfarrhaus,astrunjonasar,anne_sevkati,Beauty,Nailpolish,,
Blackhorse Lane Ateliers,10374,849,898,https://blackhorselane.com/,TRUE,Personal Goods & General Merchandise Stores,blackhorselane,ladyvelo,keep_richard,fullhouse_said,valerie_fisher99,juanpaoloflores,Clothing,Jeans,"London, UK",
Be Different. BeWooden.,10559,221,860,http://www.bewooden.com/,TRUE,Personal Goods & General Merchandise Stores,bewooden,crsmihaa,tinkerbells.world,kevder10,sofiavons,mrmikewheel,Clothing,Jewelry,Germany,
BAMBROWS,10865,290,133,http://www.bambrows.com/contact,TRUE,Personal Goods & General Merchandise Stores,bambrows,lindaanderssonmakeup,thirstysophia,ellajoyl,ntsiki_sibande,silvia.p93,Beauty,Retail,"London, UK",
Alain Afflelou,11272,389,767,https://www.afflelou.com/,TRUE,Personal Goods & General Merchandise Stores,afflelou_france,alisoncdn,bere.sim,anais_lafon,chloe_amgs,lina_bhkh,Clothing,Glasses,France,afflelou
BULLBOXER SHOES,11299,393,1199,http://Bullboxer.com/styletips,TRUE,Personal Goods & General Merchandise Stores,bullboxershoes,shebelmarie,eyaledelstein,vvlerialeon,skorbut_,caty.goncalves.7,Clothing,Shoes,,
#DillySocks,11342,1300,912,https://dillysocks.com/neu,TRUE,Personal Goods & General Merchandise Stores,dillysocks,suninyourmindxo,_fraeulein.kunterbunt_,anjaerdbrink,almgandi85,emmis_und_lexas_world,Clothing,Socks,Switzerland,
Amy & Brian Coconut Water,11368,682,403,https://bit.ly/2r5tjWa,TRUE,Personal Goods & General Merchandise Stores,amyandbriancoconutwater,missaders,organiclifebymonica,coolveganmama,healthy,tejasyogawellness,Food,Coconut water,,
AZUKA.nl,11398,966,1764,http://www.azuka.nl/,TRUE,Personal Goods & General Merchandise Stores,azukanl,marie_camille_gyselinck,emnoir,inga_antoinetta_raijmakers,danielle_gerrits_vastenburg,veravanembden,Clothing,,,
Animal,11812,939,1790,https://www.animal.co.uk/,TRUE,Personal Goods & General Merchandise Stores,animaluk,louis_escudeiro,christina.inthe.clouds,roo_campervan,youngenm,prodansilvana_yoga,Clothing,,UK,
American Greetings,12093,640,915,https://bit.ly/2E0lWIu,TRUE,Personal Goods & General Merchandise Stores,amgreetings,amystrawser_,loo_loo75,cceddiandbrandiadventures,nataliejeanhoff,ladylazurus22,Home Product,Cards,,
7bis,12446,1792,709,http://www.bijoux-7bis.com/,TRUE,Personal Goods & General Merchandise Stores,bijoux_7bis,maanon.hllr,mathilde_vansevenant,lea.havard,_wild.blood_,alycewang,Clothing,Jewelry,France,
Dosenbach,12540,610,580,http://dosenbach.ch/,TRUE,Personal Goods & General Merchandise Stores,dosenbach,a.estrada44,andrewdavid.jpg,ellensousacc,geidublin,inaiara.andrade,Clothing,Shoes,,
Alfieri&StJohn_Official,12583,1642,805,http://www.alfieristjohn.it/,TRUE,Personal Goods & General Merchandise Stores,alfieristjohn_official,desiree.dibella,la_marcy75,natashaborozan_official,eleonora.cea,angelmelillo,Clothing,Jewelry,Italy,
Cstudio Home,12969,838,1258,http://like2b.uy/cstudiohome,TRUE,Personal Goods & General Merchandise Stores,cstudiohome,nailgun_nelly,goldrushbrennan,toolgirlsgarage,jayson__sam,elenapetrovskiy,Home Product,Beddings,,thecompanystore
ao,13443,821,460,https://linkin.bio/ao,TRUE,Personal Goods & General Merchandise Stores,ao,farrowchloe,nl_dannywilliams,jrcotri7,jamille.tracky,sara_cucciniello,Tech,Online Department Store,,
Parisian Designer Bags,13598,1097,1187,http://insta.ateliers-auguste.fr/,TRUE,Personal Goods & General Merchandise Stores,ateliersauguste,temptationfire,lulugotthelook,flauntandcenter,manuelamiro,iamnanabananaa,Bags/Luggage,Bags,France,
EXTRI Official,14050,4791,250,http://www.extriwatch.com/,TRUE,Personal Goods & General Merchandise Stores,extriwatch,mralexiojr,j_i_t_h_u_paul,ekedayo,ahmed_alzede,himankshukla4,Clothing,Watch,,
Almala,14444,5990,5462,http://www.almala.it/,TRUE,Personal Goods & General Merchandise Stores,almalabags,paolaboldi,_gessica.lifestyle,ilequeen1580,akm_luna,alessia.9238,Bags/Luggage,Bags,Italy,
Brooklyn Cloth,14453,1786,3261,https://bit.ly/2NF2BNT,TRUE,Personal Goods & General Merchandise Stores,brooklyncloth,2scarzz,roleft_,chrisgestri,lwuigii,jeshuwell,Clothing,,NY,
Bigelow Tea OFFICIAL,14766,729,1056,https://www.bigelowtea.com/,TRUE,Personal Goods & General Merchandise Stores,bigelowtea,the.amberjohnson,forthebleack99,realtannenbaum,phillip_pnw,checotabares13,Food,Tea,,
#Avlon,14873,156,476,http://avlon.com/,TRUE,Personal Goods & General Merchandise Stores,avlon,tiff_iyg,bdaniellehair,stylesbyelke,haironamillie,amberhaynes.27,Beauty,Hair product,,
Chai Protein,15076,131,514,http://www.chaiprotein.com.au/,TRUE,Personal Goods & General Merchandise Stores,chaiprotein,scarletbettsx,jazz.grammm,littlereddani,kennethytulaga,realrenatchet,Supplements,,,
CHANGE Lingerie,16004,846,769,http://www.change.com/,TRUE,Personal Goods & General Merchandise Stores,changelingerie,raquelrialc,ascendkoege,cavagunn,sparkling.peony,honestly.angela.diane,Clothing,Underwear,,
Footway.com,16496,91,1058,http://footway.com/instashop,TRUE,Personal Goods & General Merchandise Stores,footway,richannspears,victoria_vin5,josefinekkvist,lozan_atleta_11,anete_liduma,Clothing,Shoes,,
Beech-Nut,16651,270,595,http://beechnut.com/,TRUE,Personal Goods & General Merchandise Stores,beechnutfoods,gabrieldavidrosa,carlosbazanbass,huckson_rogue,kassia_danae,melissa.m.reed,Food,Baby,,
Chinatown London,17112,2428,743,http://chinatown.co.uk/,TRUE,Personal Goods & General Merchandise Stores,chinatownlondon,fino_vino_malts,seychiesfoodz,ttma_1810,regencypottersbar,davi326,Food,Retail,"London, UK",
hausofpinklemonaid,17122,5987,1077,http://www.shophausofpinklemonaid.com/,TRUE,Personal Goods & General Merchandise Stores,hausofpinklemonaid,melin_diary,sashasnakess,jaeg0ldi,nenedeean,juliebluemodels,Clothing,Swimming,,
Always For Me,17338,1493,1239,https://www.alwaysforme.com/,TRUE,Personal Goods & General Merchandise Stores,alwaysformellc,elma_oja_,aijjaijjaa,fiilispohjankartano,thikadenasnicka,mackenziederosa,Clothing,Swimming_PlusSize,"Sardina, Italy",
ChiGlo,17553,1569,610,http://shop.chiglo.net/,TRUE,Personal Goods & General Merchandise Stores,chiglo_official,manu_piddiu,differentlopol,giuli.bru,julialaviniamartina,casacolet,Clothing,Women,,
ANONYME designers,17862,266,1116,http://www.anonyme.it/,TRUE,Personal Goods & General Merchandise Stores,anonymedesigners,francyteolt,palmaruocco,gio_bluesky,cuginivalentina,miori_studio,Clothing,Women,,
Basic Apparel,17950,494,1956,http://basicapparel.dk/,TRUE,Personal Goods & General Merchandise Stores,basicappareldk,rainrainny_,heidivandrer,janealgren,malene_hkj,claudiomfbarros,Clothing,Women,,
Baukjen,18584,1098,1649,http://like2b.uy/baukjen,TRUE,Personal Goods & General Merchandise Stores,baukjen,mrs_mcgilligan,bettinadoennebrink,chloerann,_constance_d,_lauralloyd_,Clothing,Women,,
Champneys,18592,279,512,https://www.champneys.com/about-champneys/news/the-good-spa-guide-awards-2018/,TRUE,Personal Goods & General Merchandise Stores,champneysspas,sofiadesanctis,jen.easton.10,madelinetheresemaee,barn_life_norfolk,hollieclare1,Beauty,Retail,UK,
DAKS,19231,426,152,https://daks.com/,TRUE,Personal Goods & General Merchandise Stores,dakslondon,just_howtobe,camalogue,kayshimiller,miamiweiss18,jessierecord,Clothing,Retail,UK,
BankyGirlCreations,19249,2673,724,http://bankygirlcreations.com/,TRUE,Personal Goods & General Merchandise Stores,bankygirlcreations,letsbouncebuffalo,tjillinaz,this_is_jszad,nikkikt13,motherwit_4u,Clothing,Mom,US,
ABC Design GmbH,19733,242,1106,http://www.abc-design.com/,TRUE,Personal Goods & General Merchandise Stores,abcdesign_com,malahoriska,jule_0895,aggiestyle_,laraglasen,schmetterlingeimherz,Baby goods,Strollers,Germany,
🛍👉🏼 www.budesin.cz 👈🏼🛍,20019,7278,3524,http://www.budesin.cz/,TRUE,Personal Goods & General Merchandise Stores,budesin,___alexxandraa_,irina_humenna,barbii_pal,zdenka_zlamalova,eliska.stanclova,Clothing,Women,Czech Republic,
Acqua dell'Elba,20118,1764,1831,https://bit.ly/2O9qNet,TRUE,Personal Goods & General Merchandise Stores,acquadellelba,michaelmerali,le_mie_escursioni,ispirazioni_di_maela,elisa.forlani,jamie.battle91,Personal care,,France,
bbhugme®️,20196,814,1444,http://www.bbhugme.com/,TRUE,Personal Goods & General Merchandise Stores,bbhugme,stef_sacco,caitlynkireta,gabriella.michalek,kalifa_doucet,ericadinnycooks,Baby goods,pregnancy pillows,,
Ably Apparel,20374,834,715,http://bit.ly/2Ijf8HQ,TRUE,Personal Goods & General Merchandise Stores,ablyapparel,raheel_malik_12,hunter_papu_8147,jamison_shots,shyamprasad_deaf,bareillykiladki,Clothing,New Fabric,,
AfterShokz,20547,2790,274,http://aftershokz.com/,TRUE,Personal Goods & General Merchandise Stores,aftershokz,k_smez,workingonmypace,running_with_gareth,run_for_snacks,alexisinmotion,Tech,,,shokzusa
B A N D O L I E R,20745,436,363,https://goo.gl/ueMgx1,TRUE,Personal Goods & General Merchandise Stores,bandolierstyle,julia_nail_artist_la,labebesukis,jasminskypena,cam_cox__,ivystatus,Bags/Luggage,phone accessories,,
Born Footwear,20961,771,245,http://bornshoes.com/,TRUE,Personal Goods & General Merchandise Stores,bornfootwear,soulfed_wellness,madelineindc,b.ana.na,susielovesthesky,dcool1,Shose,comfort footwear,,
Antipodes Scientific Beauty,21959,242,864,http://www.antipodesnature.com/,TRUE,Personal Goods & General Merchandise Stores,antipodesskincare,cadi.fornication,hayleys.little.library,ici_mais_souvent_ailleurs,skincare_addict_mom,jezkovamarketa,Beauty,Skincare,,
Bookroo,22051,714,2001,http://lynxinbio.com/ktc,TRUE,Personal Goods & General Merchandise Stores,bookroo_love,thetreasurechestclub,kellyann_cabrera,ashley.robisonn,violarchitect,danimariepopoff,Baby goods,Book,,
Bruno Magli,22080,849,755,http://bit.ly/BianchiGiveaway,TRUE,Personal Goods & General Merchandise Stores,brunomagliofficial,ceddimo,chvrch_movse,stylebyhector,styledbyhamilton,reopic,Shose,,,
BFree Foods,22513,593,309,http://www.bfreefoods.com/,TRUE,Personal Goods & General Merchandise Stores,bfreefoods,susanbishopyoga,fitbuddie.co.uk,veganlinis,consistently_kelly,az_gluten_free_treasures,Food,gluten free breads,,
Aquis Hair,22629,4371,1147,https://have2have.it/aquishair,TRUE,Personal Goods & General Merchandise Stores,aquishair,amandacaroldesign,laurysavictoria,lulu_laina,niklundin,gengraceage,Beauty,Hair product,,
Argento Vivo,23174,70,1207,https://www.argentovivo.us/,TRUE,Personal Goods & General Merchandise Stores,argentovivo_us,nail.mission,kaitlyn.reed11,cleangirlnails,melina.atkins95_,sloan.satterlee,Clothing,Jewelry,,
The Fragrance Shop,23310,921,2461,http://www.thefragranceshop.co.uk/,TRUE,Personal Goods & General Merchandise Stores,fragranceshopuk,ddinoeditz,judithe135,blue.eyes26,sophwhitmore_,elaine.ssilva,Beauty,Perfume,,
Ace Marks,23315,831,397,https://acemarks.com/,TRUE,Personal Goods & General Merchandise Stores,acemarksshoes,armandomj02,kenzodagreat_,abdullah_khan_marwat_1,midnight.runner,m.valdespino.diaz,Clothing,Men,,
Brastop,24093,2205,1590,https://goo.gl/z3Meyy,TRUE,Personal Goods & General Merchandise Stores,brastop,nelly_._h,opalnovamystique,jessymac_curve,_toxic_temptress_,nomorecherrypie.2,Clothing,Underwear,,
Appaman,24341,961,2558,https://www.appaman.com/pages/jobs,TRUE,Personal Goods & General Merchandise Stores,appaman,marquiscreative,maddysmommy417,marielalunetta,afficionada,tameshia757,Clothing,Children,,
Blackwood™ For Men,24779,546,1324,http://www.blackwoodformen.com/,TRUE,Personal Goods & General Merchandise Stores,blackwoodformen,robecta_,brendanchaplin,trendingtrent,roadto_drhester,fahim_hossain3,Beauty,Skincare,,
Annie's Village Rope Sandals,24797,3633,60,http://anniesvillage.com/,TRUE,Personal Goods & General Merchandise Stores,anniesvillage,vj6.bfit,evelyncosentino,sav_crab,bohobeautywithamber,chasity_whittington,Clothing,Shoes,,
Babo Botanicals,25207,1538,1636,http://www.babobotanicals.com/,TRUE,Personal Goods & General Merchandise Stores,babobotanicals,consciously.living,eliloveforbeauty,aishventureswithluna,eatanoyster,kel__mae,Beauty,Skincare,,
ariane ernst jewelry,25211,921,1657,http://www.arianeernst.com/,TRUE,Personal Goods & General Merchandise Stores,arianeernstjewelry,_einfachpauline_,henning_jk,ronjana,__laura_el__,lissschu,Clothing,Jewelry,,
BRONX SHOES,25211,2365,772,https://www.bronxshoes.com/,TRUE,Personal Goods & General Merchandise Stores,bronxselectors,,,,,,,,,
Bandelettes,25522,2010,1217,https://bandelettes.com/shop,TRUE,Personal Goods & General Merchandise Stores,bandelettes,,,,,,,,,
Alfaparf Milano,25860,605,526,https://goo.gl/4cGYHq,TRUE,Personal Goods & General Merchandise Stores,alfaparfmilano_official,,,,,,,,,
Burton Menswear,25951,425,1282,https://like2b.uy/burton_menswear/,TRUE,Personal Goods & General Merchandise Stores,burton_menswear,,,,,,,,,
Anne Fontaine,25963,319,1746,http://www.annefontaine.com/,TRUE,Personal Goods & General Merchandise Stores,annefontaine,,,,,,,,,
Closet London,25980,1404,1711,https://www.closetlondon.com/collections/bohemian-refine.html,TRUE,Personal Goods & General Merchandise Stores,closet_london,,,,,,,,,
AGL Shoes,26029,939,744,http://www.agl.com/,TRUE,Personal Goods & General Merchandise Stores,aglshoes,,,,,,,,,
Official Batiste USA,26111,549,653,http://bit.ly/2zsd7CY,TRUE,Personal Goods & General Merchandise Stores,batiste_us,,,,,,,,,
Bodytime Collection,26175,11,710,http://www.bodytime.fr/,TRUE,Personal Goods & General Merchandise Stores,bodytime_collection,,,,,,,,,
erlich textil || berührt dich,26301,527,680,https://erlich-textil.de/instagram.html,TRUE,Personal Goods & General Merchandise Stores,erlich_textil,,,,,,,,,
Kronaby Connected Watches,26621,453,741,https://bit.ly/2xQgsdT,TRUE,Personal Goods & General Merchandise Stores,kronaby,,,,,,,,,
Baby-G USA,27189,912,625,http://bit.ly/newBaby-G,TRUE,Personal Goods & General Merchandise Stores,babyg_usa,,,,,,,,,
Changit,27424,325,862,http://www.changit.it/,TRUE,Personal Goods & General Merchandise Stores,changit_official,,,,,,,,,
Aldi Ireland,27824,475,420,http://www.aldi.ie/,TRUE,Personal Goods & General Merchandise Stores,aldi_ireland,,,,,,,,,
Affingos,28039,2286,1889,http://www.affingos.com/,TRUE,Personal Goods & General Merchandise Stores,affingoshop,,,,,,,,,
afterpay.,28325,3818,1266,http://bit.ly/2PkhNAw,TRUE,Personal Goods & General Merchandise Stores,afterpay.it,,,,,,,,,
â™ ï¸ACE VESTITIâ™ ï¸,28431,41,876,http://www.acevestiti.com/go,TRUE,Personal Goods & General Merchandise Stores,acevestiti,,,,,,,,,
AHAVA,28468,346,1465,http://bit.ly/ShopAHAVA,TRUE,Personal Goods & General Merchandise Stores,ahava,,,,,,,,,
Belsire,28630,372,947,http://www.belsire.com/en/,TRUE,Personal Goods & General Merchandise Stores,belsire_official,,,,,,,,,
Answear.com,28774,483,2257,http://bit.ly/Bitwa2018,TRUE,Personal Goods & General Merchandise Stores,answear,,,,,,,,,
Antonym Cosmetics,29289,1888,970,https://www.antonymcosmetics.com/,TRUE,Personal Goods & General Merchandise Stores,antonymcosmetics,,,,,,,,,
Bikini Village,29684,553,921,http://www.bikinivillage.com/,TRUE,Personal Goods & General Merchandise Stores,bikinivillage,,,,,,,,,
Crest,29898,204,201,http://www.crest.com/,TRUE,Personal Goods & General Merchandise Stores,crest,,,,,,,,,
ASKET,29990,1488,966,http://asket.com/,TRUE,Personal Goods & General Merchandise Stores,asket,,,,,,,,,
Ember,30179,603,809,http://www.ember.com/,TRUE,Personal Goods & General Merchandise Stores,ember,,,,,,,,,
Bons baisers de Paname,30184,556,237,http://www.bonsbaisersdepaname.com/,TRUE,Personal Goods & General Merchandise Stores,bonsbaisersdepaname,,,,,,,,,
24Bottles,30230,814,1361,http://bit.ly/AthleisureCollection,TRUE,Personal Goods & General Merchandise Stores,24bottles_official,,,,,,,,,
Bruna Rosso,30281,306,1915,https://www.brunarosso.com/it/s/designers/moncler-noir-kei-ninomiya/,TRUE,Personal Goods & General Merchandise Stores,brunarossocom,,,,,,,,,
CHAPS,30368,0,528,http://www.facebook.com/chaps/videos/2132135720439620,TRUE,Personal Goods & General Merchandise Stores,chaps,,,,,,,,,
Darjeeling lingerie,30470,349,752,http://darjeeling.fr/,TRUE,Personal Goods & General Merchandise Stores,darjeelinglingerie,,,,,,,,,
cruszBerlin,31003,733,1215,http://www.crusz.de/,TRUE,Personal Goods & General Merchandise Stores,cruszberlin,,,,,,,,,
America Today,31115,30,1531,https://www.america-today.com/,TRUE,Personal Goods & General Merchandise Stores,america_today,,,,,,,,,
Ankerkraut ⚓️,31355,176,324,http://www.ankerkraut.de/,TRUE,Personal Goods & General Merchandise Stores,ankerkrautspice,,,,,,,,,
Bruna Erler SemiJóias,32012,7219,6375,http://www.brunaerler.com.br/,TRUE,Personal Goods & General Merchandise Stores,besemijoias,,,,,,,,,
Ardell Lashes Australia,32202,811,1548,https://goo.gl/jGnaLD,TRUE,Personal Goods & General Merchandise Stores,ardelllashesaus,,,,,,,,,
ALDI Australia,32228,20,151,https://goo.gl/bWmvhv,TRUE,Personal Goods & General Merchandise Stores,aldiaustralia,,,,,,,,,
Alimrose Australia,32767,1476,1107,http://www.alimrose.com.au/,TRUE,Personal Goods & General Merchandise Stores,alimrose,,,,,,,,,
AMOREPACIFIC Official,32827,711,1046,http://bit.ly/PrimeReserve2018,TRUE,Personal Goods & General Merchandise Stores,amorepacific_us,,,,,,,,,
Dear John Denim,32901,917,1050,https://dearjohndenim.com/,TRUE,Personal Goods & General Merchandise Stores,dearjohndenim,,,,,,,,,
H A R V E Y,33260,1888,871,http://www.harveythelabel.com/,TRUE,Personal Goods & General Merchandise Stores,harveythelabel,,,,,,,,,
ANNABELLE,33287,2288,1182,http://bit.ly/2MHgJt1,TRUE,Personal Goods & General Merchandise Stores,annabellecosmetics,,,,,,,,,
Amy June Lashes,34225,1031,3381,http://www.amyjunelashes.com/,TRUE,Personal Goods & General Merchandise Stores,amyjunelashes,,,,,,,,,
Family Dollar,34646,616,635,https://www.familydollar.com/ideas-inspiration,TRUE,Personal Goods & General Merchandise Stores,familydollar,,,,,,,,,
DRESSED IN LUCY,35462,434,4838,https://goo.gl/P7KqDG,TRUE,Personal Goods & General Merchandise Stores,dressedinlucy,,,,,,,,,
Bambino Mio,35618,248,501,http://www.bambinomio.com/,TRUE,Personal Goods & General Merchandise Stores,bambinomio,,,,,,,,,
Duke & Hyde,36262,0,487,http://www.dukeandhyde.com/,TRUE,Personal Goods & General Merchandise Stores,dukehyde,,,,,,,,,
BERING,36468,317,505,https://beringtime.com/instashop,TRUE,Personal Goods & General Merchandise Stores,beringtime,,,,,,,,,
Aṣọ Dára,36609,98,1807,http://www.asodara.com/,TRUE,Personal Goods & General Merchandise Stores,asodara,,,,,,,,,
Blauer USA,36652,44,1488,http://blauerusa.com/,TRUE,Personal Goods & General Merchandise Stores,blauerusa,,,,,,,,,
Batiste Official,37113,1879,1276,http://bit.ly/VoteVogue,TRUE,Personal Goods & General Merchandise Stores,batiste_hair,,,,,,,,,
2JewelsOfficial,37427,169,1547,http://2jewels.it/,TRUE,Personal Goods & General Merchandise Stores,2jewelsofficial,,,,,,,,,
Amenapih Officiel,37496,1940,1975,https://amenapih.hipanema.com/fr/,TRUE,Personal Goods & General Merchandise Stores,amenapih,,,,,,,,,
Elevated Faith,37565,52,396,https://elevatedfaith.com/collections/new-arrivals,TRUE,Personal Goods & General Merchandise Stores,elevatedfaith,,,,,,,,,
BLACKROLL® #️⃣keeprolling,37961,578,282,https://bit.ly/2QJrYj5,TRUE,Personal Goods & General Merchandise Stores,blackroll,,,,,,,,,
Clek,37973,233,538,https://www.clekinc.com/introducing-our-newest-ride-for-our-littlest-travellers-clek-liing,TRUE,Personal Goods & General Merchandise Stores,clekinc,,,,,,,,,
Dr. Denim,38169,134,2241,http://www.drdenim.com/,TRUE,Personal Goods & General Merchandise Stores,drdenim,,,,,,,,,
Char-Broil,38405,354,1155,https://bit.ly/2MSupgO,TRUE,Personal Goods & General Merchandise Stores,charbroilgrills,,,,,,,,,
ブランシェス,38429,58,752,http://branshes.jp/lp/insta_campaign/,TRUE,Personal Goods & General Merchandise Stores,branshes,,,,,,,,,
24 Hour Fitness,38636,312,759,https://link.24go.co/2Oep6dQ30O,TRUE,Personal Goods & General Merchandise Stores,24hourfitness,,,,,,,,,
Cloud Nine Hair,38772,700,2385,http://bit.ly/2BlOlmb,TRUE,Personal Goods & General Merchandise Stores,cloudninec9,,,,,,,,,
ELLY PISTOL,39108,85,765,http://bit.ly/EllyPistol,TRUE,Personal Goods & General Merchandise Stores,ellypistol,,,,,,,,,
Avon Cosmetics România,39129,251,1923,http://www.avon.ro/,TRUE,Personal Goods & General Merchandise Stores,avonspace,,,,,,,,,
Amara Living,39417,226,1885,https://bit.ly/2DMNWiJ,TRUE,Personal Goods & General Merchandise Stores,amaraliving,,,,,,,,,
Desio Color Contact Lenses,39780,332,927,http://www.desiolens.eu/,TRUE,Personal Goods & General Merchandise Stores,desiolens,,,,,,,,,
Co,40236,865,957,http://bit.ly/co-collections,TRUE,Personal Goods & General Merchandise Stores,co,,,,,,,,,
DAISY LONDON,40834,1215,2156,https://esteelalondexdaisy.com/,TRUE,Personal Goods & General Merchandise Stores,daisy_jewellery,,,,,,,,,
90 Degree By Reflex,40860,1346,870,https://www.90degreebyreflex.com/,TRUE,Personal Goods & General Merchandise Stores,90degreebyreflex,,,,,,,,,
bamboobies,40945,1866,1537,https://www.whattoexpect.com/baby-products/awards/best-breastfeeding-helper-finalists-2018/,TRUE,Personal Goods & General Merchandise Stores,bamboobies,,,,,,,,,
BestSecret,41186,853,1170,http://tap.sh/bestsecret,TRUE,Personal Goods & General Merchandise Stores,bestsecret,,,,,,,,,
CHRIST Juweliere und Uhrmacher,41277,126,985,http://bit.ly/christfavorites,TRUE,Personal Goods & General Merchandise Stores,christ_juweliere,,,,,,,,,
Let's Make Beauty Easier!,42693,7500,1732,https://www.alipearlhair.com/,TRUE,Personal Goods & General Merchandise Stores,alipearl_hair,,,,,,,,,
Booksy App,42789,2317,2734,http://booksy.info/joinnow,TRUE,Personal Goods & General Merchandise Stores,booksybiz,,,,,,,,,
Etos,42968,419,869,https://bit.ly/2pAVjQx,TRUE,Personal Goods & General Merchandise Stores,etos,,,,,,,,,
Bata Italy,43054,80,797,http://www.bata.it/,TRUE,Personal Goods & General Merchandise Stores,bata.italy,,,,,,,,,
Au Naturale Cosmetics,43576,955,1563,https://bit.ly/2NOwI5B,TRUE,Personal Goods & General Merchandise Stores,aunaturalelife,,,,,,,,,
Aviator Nation,43622,154,1297,https://www.facebook.com/events/2640799656145557/,TRUE,Personal Goods & General Merchandise Stores,aviatornation,,,,,,,,,
APROPOS The Concept Store,43687,836,2936,https://www.apropos-store.com/impressum-datenschutz,TRUE,Personal Goods & General Merchandise Stores,apropos_store,,,,,,,,,
Alterna,44099,316,869,http://bit.ly/SephoraxMoisture,TRUE,Personal Goods & General Merchandise Stores,alternahaircare,,,,,,,,,
A.C. Moore,44226,717,4377,http://tinyurl.com/ACMprojects,TRUE,Personal Goods & General Merchandise Stores,acmoorecrafts,,,,,,,,,
District By MargheritaMazzei💫,44435,79,1055,http://www.margheritamazzei.net/,TRUE,Personal Goods & General Merchandise Stores,districtmargheritamazzei,,,,,,,,,
abHair,44703,969,1285,http://www.abhair.com/,TRUE,Personal Goods & General Merchandise Stores,abhair_official,,,,,,,,,
Denzelofsweden,44843,755,679,http://www.denzelofsweden.com/,TRUE,Personal Goods & General Merchandise Stores,denzelofsweden,,,,,,,,,
Boost Mobile,44890,186,1407,https://boostmobile.com/,TRUE,Personal Goods & General Merchandise Stores,boostmobile,,,,,,,,,
BluMaan,44891,113,1207,https://blumaan.com/,TRUE,Personal Goods & General Merchandise Stores,byblumaan,,,,,,,,,
Britax Child Safety,44910,7449,359,https://us.britax.com/tips-advice/registry-survival-guide/,TRUE,Personal Goods & General Merchandise Stores,britaxus,,,,,,,,,
CHIMI,45128,235,870,http://www.chimieyewear.com/,TRUE,Personal Goods & General Merchandise Stores,chimieyewear,,,,,,,,,
Aussie Hair,45585,306,774,https://bit.ly/2OroCPX,TRUE,Personal Goods & General Merchandise Stores,aussiehair,,,,,,,,,
Bows-N-Ties.com,45631,450,1645,https://www.bows-n-ties.com/mens-fashion-tips/the-ideal-summer-wedding-guest-outfit/,TRUE,Personal Goods & General Merchandise Stores,bows_n_ties,,,,,,,,,
2POOD Performance,45693,107,2957,https://2poodlabs.com/products/smokey-and-the-bandit-v-3-1,TRUE,Personal Goods & General Merchandise Stores,2poodperformance,,,,,,,,,
Avon Magyarország,45748,763,1085,http://on.avon.com/avon-szepsegmuhely,TRUE,Personal Goods & General Merchandise Stores,avonhungary,,,,,,,,,
andmetics_official,47012,7413,421,https://www.andmetics.com/en/shop_en/,TRUE,Personal Goods & General Merchandise Stores,andmetics_official,,,,,,,,,
Curlformers,47101,2782,1078,http://bit.ly/2yl6Zgv,TRUE,Personal Goods & General Merchandise Stores,curlformersofficial,,,,,,,,,
Argos Home,47112,61,372,http://argoshomepopup.eventbrite.com/,TRUE,Personal Goods & General Merchandise Stores,argoshome,,,,,,,,,
Henry London,47319,189,1486,https://www.henry-london.com/social,TRUE,Personal Goods & General Merchandise Stores,henrywatches,,,,,,,,,
Buddha Pants®,48879,2850,1694,http://bit.ly/2hxbxGf,TRUE,Personal Goods & General Merchandise Stores,buddha_pants,,,,,,,,,
Björn Borg,48883,646,1328,http://www.bjornborg.com/exerhighs,TRUE,Personal Goods & General Merchandise Stores,bjornborg,,,,,,,,,
Donna Mizani,48901,682,2451,https://www.neimanmarcus.com/search.jsp?from=brSearch&responsive=true&request_type=search&search_type=keyword&q=Donna+Mizani&l=Donna+Mizani,TRUE,Personal Goods & General Merchandise Stores,donnamizani,,,,,,,,,
Depilex Clinic & Institute,49888,121,2292,http://Depilexonline.com/,TRUE,Personal Goods & General Merchandise Stores,depilexgroup,,,,,,,,,
Oisix /オイシックス,50230,2287,717,https://www.oisix.com/sc/instagram_oisix,TRUE,Personal Goods & General Merchandise Stores,oisix,,,,,,,,,
Ettika,50598,1471,2307,https://www.ettika.com/,TRUE,Personal Goods & General Merchandise Stores,ettika,,,,,,,,,
Clarins España,51507,579,807,http://bit.ly/BoutiqueOnlineClarins,TRUE,Personal Goods & General Merchandise Stores,clarinsespana,,,,,,,,,
Clairol Color,51652,901,1180,https://www.clairol.com/en-US/myshade,TRUE,Personal Goods & General Merchandise Stores,clairolcolor,,,,,,,,,
Dunes Center Abuja,52100,920,2329,http://www.dunescenter.com/,TRUE,Personal Goods & General Merchandise Stores,dunesabuja,,,,,,,,,
Algenist,52308,700,1007,http://like2b.uy/algenist/,TRUE,Personal Goods & General Merchandise Stores,algenist,,,,,,,,,
ELISESTORE.COM,52342,668,7420,http://bit.ly/1TYruoB,TRUE,Personal Goods & General Merchandise Stores,elisestore,,,,,,,,,
Ducie,54545,1592,3771,http://www.ducie.co.uk./,TRUE,Personal Goods & General Merchandise Stores,ducielondon,,,,,,,,,
Bodylab,54666,117,1364,https://bodylab.lnk.to/cholmegaardFa,TRUE,Personal Goods & General Merchandise Stores,bodylab,,,,,,,,,
Alex Monroe,55207,3106,2384,https://www.alexmonroe.com/doctorwho,TRUE,Personal Goods & General Merchandise Stores,alexmonroejewellery,,,,,,,,,
Bizzbee,55297,990,1050,http://www.bizzbee.fr/,TRUE,Personal Goods & General Merchandise Stores,bizzbee,,,,,,,,,
About You Cosméticos,55552,285,154,http://www.aboutyou.ind.br/,TRUE,Personal Goods & General Merchandise Stores,aboutyoucs,,,,,,,,,
Ancestry,55579,1249,1458,https://ancstry.me/2x1jcF1,TRUE,Personal Goods & General Merchandise Stores,ancestry,,,,,,,,,
AZELLE COLLECTION ™,55802,5907,3814,http://www.azellecollection.co.uk/,TRUE,Personal Goods & General Merchandise Stores,azellecollection_,,,,,,,,,
H A R A,57227,1558,577,https://harathelabel.com/,TRUE,Personal Goods & General Merchandise Stores,hara_thelabel,,,,,,,,,
ARMEDANGELS,57271,319,337,http://armedangels.de/detox-denim,TRUE,Personal Goods & General Merchandise Stores,armedangels,,,,,,,,,
Bear KompleX,57445,1341,1171,http://www.bearkomplex.com/,TRUE,Personal Goods & General Merchandise Stores,bearkomplex,,,,,,,,,
Baby Jogger,58406,55,509,http://bit.ly/2kRKUx7,TRUE,Personal Goods & General Merchandise Stores,babyjogger,,,,,,,,,
Alpha-H Concentrated Skincare,58429,1112,4137,http://www.alpha-h.com/,TRUE,Personal Goods & General Merchandise Stores,alphahskincare,,,,,,,,,
DSTLD,58998,254,1555,,TRUE,Personal Goods & General Merchandise Stores,dstld,,,,,,,,,
Huffer,59167,364,2541,http://www.huffer.co.nz/,TRUE,Personal Goods & General Merchandise Stores,huffer_,,,,,,,,,
BRUNETTE the label,59221,2180,1737,https://brunettethelabel.com/blogs/the-babe-list/emma-benneyworth?utm_source=Babe+List+Aug+-+Oct&utm_campaign=bc2bbc21a4-EMAIL_CAMPAIGN_2018_10_03_08_57_COPY_01&utm_medium=email&utm_term=0_d9bdb2d6a0-bc2bbc21a4-88623863&mc_cid=bc2bbc21a4&mc_eid=4be39fb9c9,TRUE,Personal Goods & General Merchandise Stores,brunettethelabel,,,,,,,,,
Clarins Italia,59556,402,1460,https://www.clarins.it/skin-illusion-fondotinta/,TRUE,Personal Goods & General Merchandise Stores,clarinsitalia,,,,,,,,,
AUrate New York,59587,628,1100,https://auratenewyork.com/collections/the-best-babe-edition,TRUE,Personal Goods & General Merchandise Stores,auratenewyork,,,,,,,,,
✶ Sister Jane ✶,59747,812,3236,http://sisterjane.com/,TRUE,Personal Goods & General Merchandise Stores,dreamsisterjane,,,,,,,,,
Alala,60075,1349,1546,http://alalastyle.com/,TRUE,Personal Goods & General Merchandise Stores,alala,,,,,,,,,
Boutique Vestibule,60482,1819,1418,http://boutiquevestibule.com/,TRUE,Personal Goods & General Merchandise Stores,boutiquevestibule,,,,,,,,,
Beekeeper's Naturals,60534,984,1684,http://try.beekeepersnaturals.com/mystery/,TRUE,Personal Goods & General Merchandise Stores,beekeepers_naturals,,,,,,,,,
BB Dakota,61656,2222,3271,https://bbdakota.com/,TRUE,Personal Goods & General Merchandise Stores,bbdakota,,,,,,,,,
Buffalo Exchange,61897,376,4432,https://www.buffaloexchange.com/how-it-works,TRUE,Personal Goods & General Merchandise Stores,buffaloexchange,,,,,,,,,
ATHLETIKAN,62105,2376,439,https://bit.ly/2OI449G,TRUE,Personal Goods & General Merchandise Stores,athletikan,,,,,,,,,
ALIX the label,62368,2041,1202,http://www.alixthelabel.com/shop,TRUE,Personal Goods & General Merchandise Stores,alixthelabel,,,,,,,,,
Boglioli,62569,140,853,http://www.boglioli.it/,TRUE,Personal Goods & General Merchandise Stores,boglioliofficial,,,,,,,,,
Chantelle Paris,62842,0,132,http://www.chantelle.com/,TRUE,Personal Goods & General Merchandise Stores,chantelle_paris,,,,,,,,,
Cricket Wireless,62851,314,836,http://mycrick.it/ReferAFriend_IG,TRUE,Personal Goods & General Merchandise Stores,cricketnation,,,,,,,,,
directv,63004,224,1873,http://att.com/masterthemess,TRUE,Personal Goods & General Merchandise Stores,directv,,,,,,,,,
Citrus & Lemon,63797,413,814,http://www.citrusandlemon.com/,TRUE,Personal Goods & General Merchandise Stores,citrusandlemon,,,,,,,,,
celio,63809,199,896,http://www.celio.com/,TRUE,Personal Goods & General Merchandise Stores,celio_officiel,,,,,,,,,
BRISTON Watches,64809,529,1070,http://www.briston-watches.com/,TRUE,Personal Goods & General Merchandise Stores,bristonwatches,,,,,,,,,
Harry's,64886,961,1847,http://hrys.co/Ludacris,TRUE,Personal Goods & General Merchandise Stores,harrys,,,,,,,,,
Anytime Fitness,65041,1545,1783,http://anytimefitness.com/try-us-free/,TRUE,Personal Goods & General Merchandise Stores,anytimefitness,,,,,,,,,
💫✨ BRONZAIS ✨💫,65538,4949,269,http://www.bronzais.com/,TRUE,Personal Goods & General Merchandise Stores,bronzais,,,,,,,,,
• B L A C K L I M B A •,67059,134,582,https://blackli.mba/ShopInstagram,TRUE,Personal Goods & General Merchandise Stores,blacklimba,,,,,,,,,
BzzAgent,67346,7368,1367,http://bzzagent.com/,TRUE,Personal Goods & General Merchandise Stores,bzzagent,,,,,,,,,
Body Glove,67454,1076,1980,https://www.bodyglove.com/collections/mens-wetsuits,TRUE,Personal Goods & General Merchandise Stores,bodyglove,,,,,,,,,
23andMe,67566,23,926,https://23and.me/23andNYC,TRUE,Personal Goods & General Merchandise Stores,23andme,,,,,,,,,
Dancewear Solutions,68004,550,1199,https://www.dancewearsolutions.com/,TRUE,Personal Goods & General Merchandise Stores,dancewearsolutions,,,,,,,,,
Breuninger,68336,591,2662,http://breuninger.me/editorialvoguelovesbreuninger,TRUE,Personal Goods & General Merchandise Stores,breuninger,,,,,,,,,
Freya Lingerie,68551,1549,2030,http://bit.ly/2OINOF8,TRUE,Personal Goods & General Merchandise Stores,freyalingerie,,,,,,,,,
DSguided Fashion Online Shop,68561,6953,678,https://www.dsguided.com/,TRUE,Personal Goods & General Merchandise Stores,dsguided,,,,,,,,,
Aaptiv,68928,599,1140,http://bit.ly/2EW5CUZ,TRUE,Personal Goods & General Merchandise Stores,aaptiv,,,,,,,,,
Dr. Praeger's,69369,1703,742,http://bit.ly/WheretoBuyDrPraegers,TRUE,Personal Goods & General Merchandise Stores,drpraegers,,,,,,,,,
APIVITA,70753,346,952,http://www.apivita.com/,TRUE,Personal Goods & General Merchandise Stores,apivita,,,,,,,,,
Agave Healing Oil,71354,781,2105,http://www.agaveoil.com/,TRUE,Personal Goods & General Merchandise Stores,agaveoil,,,,,,,,,
Apolis,72478,1665,5490,http://apol.is/8n8m5a,TRUE,Personal Goods & General Merchandise Stores,apolis,,,,,,,,,
Benefit Cosmetics Nederland,72603,1054,2206,http://bit.ly/bcpnl,TRUE,Personal Goods & General Merchandise Stores,benefitnetherlands,,,,,,,,,
Alex and Alexa,73509,7390,2354,https://goo.gl/EroMq2,TRUE,Personal Goods & General Merchandise Stores,alexandalexacom,,,,,,,,,
CINCO,73563,800,1847,http://www.cinco-store.com/,TRUE,Personal Goods & General Merchandise Stores,cincostore,,,,,,,,,
,74724,4,1017,http://ethika.com/shop/women,TRUE,Personal Goods & General Merchandise Stores,ethikagirls,,,,,,,,,
British Cycling,76815,226,1536,http://britishcycling.org.uk/,TRUE,Personal Goods & General Merchandise Stores,britishcycling,,,,,,,,,
ALMAY,76875,3643,511,http://bit.ly/WatchAlmay,TRUE,Personal Goods & General Merchandise Stores,almay,,,,,,,,,
Clicks_SA,77002,740,487,http://bit.ly/2F6G6kp,TRUE,Personal Goods & General Merchandise Stores,clicks_sa,,,,,,,,,
A R V O,77188,2744,1490,http://shop.arvowear.com/,TRUE,Personal Goods & General Merchandise Stores,arvo,,,,,,,,,
MORI,77434,800,1437,http://bit.ly/CSMxMORI,TRUE,Personal Goods & General Merchandise Stores,babymoriuk,,,,,,,,,
AccorHotels,77721,708,1610,http://bit.ly/2zRasDc,TRUE,Personal Goods & General Merchandise Stores,accorhotels,,,,,,,,,
byBiehl,78688,721,2424,http://www.bybiehl.com/dk/en/127-rainbow,TRUE,Personal Goods & General Merchandise Stores,bybiehl,,,,,,,,,
BEHR® Paint,78724,338,626,http://behr.com/2019trends,TRUE,Personal Goods & General Merchandise Stores,behrpaint,,,,,,,,,
Kari Traa,78836,1682,2653,http://www.karitraa.com/,TRUE,Personal Goods & General Merchandise Stores,karitraa,,,,,,,,,
FILLITY ❤️ Since 1988,79025,137,3616,http://www.fillity.com.br/instashop,TRUE,Personal Goods & General Merchandise Stores,fillity,,,,,,,,,
Fin Fun Mermaid™,79529,830,1537,http://bit.ly/2D5HX72,TRUE,Personal Goods & General Merchandise Stores,finfunmermaid,,,,,,,,,
Biolage,81058,2782,1991,http://www.biolage.com/,TRUE,Personal Goods & General Merchandise Stores,biolage,,,,,,,,,
Fortunate One,81770,150,1763,http://www.fortunateone.com/,TRUE,Personal Goods & General Merchandise Stores,fortunateonestore,,,,,,,,,
KidsBrandStore,83394,1028,1252,https://kidsbrandstore.se/,TRUE,Personal Goods & General Merchandise Stores,kidsbrandstore,,,,,,,,,
Antica Sartoria,83510,1574,495,http://www.anticasartoriapositano.com/,TRUE,Personal Goods & General Merchandise Stores,anticasartoria,,,,,,,,,
Astrid & Miyu,83982,2498,2844,https://www.astridandmiyu.com/ear-bar/chloe-lloyd-edit?limit=20,TRUE,Personal Goods & General Merchandise Stores,astridandmiyu,,,,,,,,,
BIOSSANCE,84200,1319,1667,https://linktr.ee/biossance,TRUE,Personal Goods & General Merchandise Stores,biossance,,,,,,,,,
Atelier Cologne,84362,210,615,http://www.ateliercologne.com/,TRUE,Personal Goods & General Merchandise Stores,ateliercologne,,,,,,,,,
Alya Skin,84613,6853,646,http://www.alyaskin.com/,TRUE,Personal Goods & General Merchandise Stores,alyaskinaus,,,,,,,,,
Aveeno,84828,151,414,http://like2b.uy/aveenous,TRUE,Personal Goods & General Merchandise Stores,aveenous,,,,,,,,,
Amsale,87284,1573,1928,https://amsale.com/salon,TRUE,Personal Goods & General Merchandise Stores,amsale,,,,,,,,,
Anker Official,87335,110,515,https://bit.ly/2O7RYGD,TRUE,Personal Goods & General Merchandise Stores,anker_official,,,,,,,,,
BABYZEN official,88089,3171,832,https://www.babyzen.com/,TRUE,Personal Goods & General Merchandise Stores,babyzenstrollers,,,,,,,,,
2XU,88231,39,2179,https://www.2xu.com/,TRUE,Personal Goods & General Merchandise Stores,2xu,,,,,,,,,
Behind Hemlines,88524,1020,1503,http://www.behindhemlines.com/,TRUE,Personal Goods & General Merchandise Stores,behindhemlines,,,,,,,,,
bioClarity,88529,1023,726,http://bioclarity.net/shopIG,TRUE,Personal Goods & General Merchandise Stores,bioclarity,,,,,,,,,
AIGNER,88568,316,1713,https://www.aignermunich.com/support/privacy,TRUE,Personal Goods & General Merchandise Stores,aignermunich,,,,,,,,,
Ameera London,88621,322,1877,http://www.ameeralondon.com/,TRUE,Personal Goods & General Merchandise Stores,ameeralondon,,,,,,,,,
Bohemian Island,89524,7470,3815,https://bohemianisland.com/collections/spring-2018-collection,TRUE,Personal Goods & General Merchandise Stores,bohemian_island,,,,,,,,,
Borsalino,89914,102,1305,http://borsalino.com/,TRUE,Personal Goods & General Merchandise Stores,borsalino_world,,,,,,,,,
Darphin Official,90110,75,911,,TRUE,Personal Goods & General Merchandise Stores,darphin,,,,,,,,,
BAGGU,90750,384,1995,http://www.baggu.co/insta,TRUE,Personal Goods & General Merchandise Stores,baggu,,,,,,,,,
Ark Swimwear,93362,801,1486,http://www.arkswimwear.com/,TRUE,Personal Goods & General Merchandise Stores,arkswimwear,,,,,,,,,
DICE KAYEK,93532,953,2472,https://dicekayek.com/shop/new-arrivals-9.html,TRUE,Personal Goods & General Merchandise Stores,dicekayek,,,,,,,,,
Belk,95118,350,1934,http://like2b.uy/belk,TRUE,Personal Goods & General Merchandise Stores,belk,,,,,,,,,
Bows Boutiques,95271,254,3546,http://www.bowsboutiques.com/,TRUE,Personal Goods & General Merchandise Stores,bowsboutiquesofficial,,,,,,,,,
BUMBUM,95795,26,759,http://www.bumbum.com/,TRUE,Personal Goods & General Merchandise Stores,bumbum,,,,,,,,,
Bicester Village,95862,1258,1471,http://bit.ly/2Q7j7HJ,TRUE,Personal Goods & General Merchandise Stores,bicestervillage,,,,,,,,,
Flyrobe,96594,483,1990,https://flyrobe.com/,TRUE,Personal Goods & General Merchandise Stores,flyrobe,,,,,,,,,
Alice + Ames | Stacie Lang,96878,1414,2428,https://aliceandames.com/,TRUE,Personal Goods & General Merchandise Stores,aliceandames,,,,,,,,,
BOOGZEL APPAREL,98236,2700,292,https://boogzelapparel.com/collections/all,TRUE,Personal Goods & General Merchandise Stores,boogzel_apparel,,,,,,,,,
Frank And Oak,98312,373,2774,https://www.frankandoak.com/men/featured/outerwear,TRUE,Personal Goods & General Merchandise Stores,frankandoak,,,,,,,,,
Bibbidi Bobbidi Brooke,98395,98,1785,http://www.bibbidibobbidibrooke.com/,TRUE,Personal Goods & General Merchandise Stores,bibbidibobbidibrooke,,,,,,,,,
Fay Brand,98587,326,1727,http://bit.ly/sounds-like-Fay,TRUE,Personal Goods & General Merchandise Stores,fay_brand,,,,,,,,,